normalized_description,pred_cantidad,pred_dias
pt-r charge l/s 2.0,0.31914997,183.19221
protac hl-x usb box,290.09174,192.02129
taclite uniform cap tdu green 1 sz,0.52719396,192.02213
taclite pro l/s shirt tdu khaki m,0.98814356,192.03622
"wedge, blk",0.56194156,192.04395
taclite pro l/s shirt tdu khaki m,0.98814356,192.08032
protac 2l-x usb box,46.250263,192.10747
wm tclt pdu s/s b-cl shrt midnight nvy x,38.517426,212.00006
wm tclt pdu s/s b-cl shrt midnight nvy x,38.517426,212.00006
wm tclt pdu s/s b-cl shrt midnight nvy x,38.517426,212.00006
wm tclt pdu s/s b-cl shrt midnight nvy x,38.517426,212.00006
wm tclt pdu s/s b-cl shrt midnight nvy s,32.30533,212.00006
wm tclt pdu s/s b-cl shrt midnight nvy s,32.30533,212.00006
wm tclt pdu s/s b-cl shrt midnight nvy m,30.032106,212.00006
5.11 a/t 6 szâ  black 11 r,0.39640823,212.00006
5.11 a/t 6 szâ  black 5 r,0.39640823,212.00006
5.11 a/t 6 szâ  black 8 r,0.78996116,212.00006
5.11 a/t 6 szâ  black 9 r,0.39640823,212.00006
5.11 a/t 8 black 11 r,0.39640823,212.00006
5.11 a/t 8 black 6 r,0.78996116,212.00006
5.11 a/t 8 dark coyote 10 r,13.458241,212.00006
5.11 a/t 8 dark coyote 10.5 r,8.497003,212.00006
you can brew it patch brown 1 sz,0.39640823,212.00006
wyatt print s/s shirt blue agave knife 2,0.39640823,212.00006
wm tclt pdu a-class pant midnight nvy 8,30.610746,212.00006
wm tclt pdu a-class pant midnight nvy 8,30.592457,212.00006
wm tclt pdu l/s b-cl shrt mid navy s r,32.399967,212.00006
wm tclt pdu l/s b-cl shrt mid navy s r,32.399967,212.00006
wm tclt pdu l/s b-cl shrt midn nvy m r,0.20677088,212.00006
wm tclt pdu l/s b-cl shrt midn nvy m r,0.20677088,212.00006
wm tclt pdu l/s b-cl shrt midn nvy xs r,9.480862,212.00006
wm tclt pdu l/s b-cl shrt midn nvy xs r,9.480862,212.00006
wm tclt pdu l/s b-cl shrt midnight navy,30.941103,212.00006
wm tclt pdu l/s b-cl shrt midnight nvy l,12.645992,212.00006
wm tclt pdu l/s b-cl shrt midnight nvy l,12.645992,212.00006
wm tclt pdu l/s b-cl shrt midnight nvy x,30.032106,212.00006
wm tclt pdu l/s b-cl shrt midnight nvy x,30.034203,212.00006
wm tclt pdu l/s b-cl shrt midnight nvy x,30.032106,212.00006
zero quit ruck s/s tee military grn l,0.39640823,212.00006
5.11 a/t 8 dark coyote 7 r,3.1609528,212.00006
5.11 a/t 8 dark coyote 7 r,3.1609528,212.00006
5.11 a/t 8 dark coyote 7.5 r,0.59231013,212.00006
5.11 a/t 8 dark coyote 8 r,2.7677722,212.00006
5.11 a/t 8 dark coyote 8.5 r,4.5593657,212.00006
5.11 a/t 8 dark coyote 8.5 r,4.5593657,212.00006
5.11 a/t 8 dark coyote 9 r,2.1606457,212.00006
5.11 a/t 8 dark coyote 9.5 r,1.1847556,212.00006
5.11 a/t 8 dark coyote 9.5 r,1.1847556,212.00006
5.11 a/t 8 sz black 11 r,0.39640823,212.00006
5.11 a/t 8 sz black 6 r,0.39640823,212.00006
5.11 a/t 8 sz black 6 r,0.39640823,212.00006
5.11 a/t 8 sz black 9 r,0.39640823,212.00006
5.11 a/t 8 sz black 9 r,0.39640823,212.00006
5.11 a/t 8 sz black 9.5 r,0.39640823,212.00006
5.11 a/t mid black 10 r,0.39640823,212.00006
5.11 a/t mid black 8 r,0.39640823,212.00006
5.11 a/t mid black 9 r,1.5797422,212.00006
5.11 a/t trainer black 10 r,0.20677088,212.00006
5.11 a/t trainer black 7.5 r,0.20677088,212.00006
5.11 a/t trainer black 7.5 r,0.20677088,212.00006
5.11 boonie hat black l/xl,0.39640823,212.00006
5.11 boonie hat multi blk multi l/xl,0.39640823,212.00006
5.11 boonie hat multicam blk multicam s/,0.39640823,212.00006
5.11 boonie hat tdu khaki s/m,1.1847556,212.00006
5.11 boonie hat tdu khaki s/m,1.1847556,212.00006
5.11 hooded ls tee l,0.39640823,212.00006
5.11 safe 3.4 n bdge wlet black 1 sz,0.39640823,212.00006
5.11 scope hoodie heather grey l,0.39640823,212.00006
5.11 scope hoodie ranger green xl,0.39640823,212.00006
5.11 scope patch black 1 sz,0.39640823,212.00006
5.11 scope patch black 1 sz,0.39640823,212.00006
5.11 scope patch black 1sz,0.78996116,212.00006
5.11 scope s/s tee black l,0.39640823,212.00006
5.11 scope s/s tee pacific navy l,0.39640823,212.00006
5.11 scope s/s tee pacific navy xl,0.39640823,212.00006
5.11 scope s/s tee pacific navy xl,0.39640823,212.00006
5.11 tomcat flag patch multi 1sz,0.39640823,212.00006
6.6 med pouch black 1 sz,0.39640823,212.00006
6.6 med pouch black 1sz,0.39640823,212.00006
80s shall we play patch multi 1sz,0.78996116,212.00006
abr island-nade ss tee black s,0.39640823,212.00006
abr plate carrier black 1 sz,0.39640823,212.00006
abr plate carrier black 1 sz,0.39640823,212.00006
abr pro pant black 32 32,0.39640823,212.00006
abr pro pant black 34 32,0.78996116,212.00006
abr pro pant black 36 32,0.78996116,212.00006
abr pro pant dark navy 30 30,0.39640823,212.00006
abr pro pant dark navy 30 32,0.39640823,212.00006
abr pro pant dark navy 30 32,0.39640823,212.00006
abr pro pant dark navy 32 32,0.78996116,212.00006
abr pro pant dark navy 32 32,0.78996116,212.00006
abr pro pant dark navy 34 32,1.1847556,212.00006
abr pro pant dark navy 34 32,1.1847556,212.00006
abr pro pant dark navy 36 32,0.78996116,212.00006
abr pro pant dark navy 36 32,0.78996116,212.00006
abr pro pant kangaroo 32 30,0.39640823,212.00006
abr pro pant kangaroo 32 32,0.39640823,212.00006
abr pro pant kangaroo 32 32,0.39640823,212.00006
abr pro pant kangaroo 36 32,0.78996116,212.00006
abr pro pant kangaroo 36 32,0.78996116,212.00006
abr pro pant khaki 32 30,0.39640823,212.00006
abr pro pant khaki 32 30,0.39640823,212.00006
abr pro pant khaki 32 32,0.20677088,212.00006
abr pro pant khaki 34 32,0.39640823,212.00006
abr pro pant khaki 34 32,0.39640823,212.00006
abr pro pant khaki 36 32,0.39640823,212.00006
abr pro pant ranger green 32 32,0.59231013,212.00006
abr pro pant ranger green 32 32,0.59231013,212.00006
abr pro pant ranger green 34 32,0.39640823,212.00006
abr pro pant ranger green 34 32,0.39640823,212.00006
abr pro pant ranger green 36 32,0.39640823,212.00006
abr pro pant ranger green 36 32,0.39640823,212.00006
adelita gnome patch green 1 sz,0.39640823,212.00006
adelita gnome patch green 1 sz,0.39640823,212.00006
adventure primaloft vest pecan l,0.39640823,212.00006
adventure primaloft vest pecan l,0.39640823,212.00006
adventure primaloft vest pecan m,0.39640823,212.00006
alpha acorn ss tee,0.39640823,212.00006
alta belt black xl,0.78996116,212.00006
alta belt coyote m,0.39640823,212.00006
always be thankful patch khaki 1sz,1.9701846,212.00006
always ready s/s tee heather grey l,0.78996116,212.00006
america beautiful ss tee black m,0.39640823,212.00006
american flag stix patch khaki 1sz,0.39640823,212.00006
apex pant battle brown 34 32,0.39640823,212.00006
apex pant battle brown 36 32,0.78996116,212.00006
apex pant battle brown 38 32,0.78996116,212.00006
apex pant battle brown 38 32,0.78996116,212.00006
apex pant black 30 30,0.39640823,212.00006
apex pant black 32 30,0.39640823,212.00006
apex pant black 32 32,0.39640823,212.00006
apex pant black 32 32,0.39640823,212.00006
apex pant black 34 32,0.39640823,212.00006
apex pant burnt 30 30,0.39640823,212.00006
apex pant burnt 30 32,0.39640823,212.00006
apex pant burnt 32 30,0.78996116,212.00006
apex pant burnt 32 32,0.39640823,212.00006
apex pant burnt 34 32,0.78996116,212.00006
apex pant burnt 34 32,0.78996116,212.00006
apex pant dark navy 30 30,0.39640823,212.00006
apex pant dark navy 32 30,0.39640823,212.00006
apex pant dark navy 32 32,0.78996116,212.00006
apex pant dark navy 32 32,0.78996116,212.00006
apex pant dark navy 34 32,0.78996116,212.00006
apex pant dark navy 34 32,0.78996116,212.00006
apex pant dark navy 36 32,1.3821095,212.00006
apex pant dark navy 36 32,1.3821095,212.00006
apex pant dark navy 38 32,0.39640823,212.00006
apex pant dark navy 38 32,0.39640823,212.00006
apex pant khaki 30 30,0.39640823,212.00006
apex pant khaki 32 30,0.39640823,212.00006
apex pant khaki 32 30,0.39640823,212.00006
apex pant khaki 32 32,0.39640823,212.00006
apex pant khaki 32 32,0.39640823,212.00006
apex pant khaki 34 32,0.39640823,212.00006
apex pant khaki 34 32,0.39640823,212.00006
apex pant khaki 36 32,0.39640823,212.00006
apex pant ranger green 30 32,0.39640823,212.00006
apex pant ranger green 32 32,0.39640823,212.00006
apex pant ranger green 32 32,0.39640823,212.00006
apex pant ranger green 40 32,0.39640823,212.00006
apex pant storm 32 32,0.39640823,212.00006
apex pant storm 32 32,0.39640823,212.00006
apex pant storm 36 32,0.59231013,212.00006
apex pant storm 36 32,0.59231013,212.00006
apex pant storm 40 32,0.39640823,212.00006
apex pant storm 40 32,0.39640823,212.00006
apex pant tdu green 32 30,0.39640823,212.00006
apex pant tdu green 32 32,0.39640823,212.00006
apex pant tdu green 32 32,0.39640823,212.00006
apex pant tdu green 34 32,0.39640823,212.00006
apex pant tdu green 34 32,0.39640823,212.00006
apex pant tundra 32 32,0.39640823,212.00006
apex pant tundra 34 32,0.39640823,212.00006
apex pant volcanic 32 30,0.39640823,212.00006
apex pant volcanic 32 32,0.39640823,212.00006
apex pant volcanic 32 32,0.39640823,212.00006
apex pant volcanic 34 32,1.9727893,212.00006
apex pant volcanic 36 32,0.59231013,212.00006
apex pant volcanic 36 32,0.59231013,212.00006
astro tiger patch multi 1 sz,0.39640823,212.00006
astro tiger patch multi 1 sz,0.39640823,212.00006
atac 2.0 6 sz desert dark coyote 8.5 r,0.39640823,212.00006
atac 2.0 8 black 10 r,114.78837,212.00006
atac 2.0 8 black 11 r,112.023605,212.00006
atac 2.0 8 black 12 r,67.35738,212.00006
atac 2.0 8 black 13 r,27.811981,212.00006
atac 2.0 8 black 14 r,1.9714319,212.00006
atac 2.0 8 black 15 r,1.9714319,212.00006
atac 2.0 8 black 5 r,4.958264,212.00006
atac 2.0 8 black 6 r,24.675537,212.00006
atac 2.0 8 black 7 r,38.324795,212.00006
atac 2.0 8 black 8 r,55.08843,212.00006
atac 2.0 8 black 9 r,56.216583,212.00006
atac 2.0 8 black 9 w,43.572823,212.00006
atac 2.0 8 storm black 11.5r,3.9817457,212.00006
atac 2.0 8 storm black 4 r,0.39640823,212.00006
atac 2.0 8 storm black 5 r,1.9714319,212.00006
atac 2.0 8'' black 11 r,0.39640823,212.00006
atac 2.0 8'' black 11 r,0.39640823,212.00006
base 2bk utility folder tumbld steel 1sz,0.39640823,212.00006
base 3dp tumbld steel 1 sz,0.39640823,212.00006
basic patrol bag black 1 sz,0.39640823,212.00006
basic patrol bag black 1 sz,0.39640823,212.00006
basic patrol bag black 1sz,0.20677088,212.00006
battle tested ls tee black m,0.39640823,212.00006
battle tested ls tee black s,0.39640823,212.00006
battle tested ls tee black s,0.39640823,212.00006
beer can shooting ls tee navy l,0.39640823,212.00006
beer can shooting ls tee navy m,0.39640823,212.00006
big horn jacket black m,7.122532,212.00006
big horn jacket black m,7.122532,212.00006
big horn jacket black m,7.122532,212.00006
big horn jacket black s,8.09649,212.00006
big horn jacket black s,8.09649,212.00006
big horn jacket dark navy 2xl,8.296358,212.00006
big horn jacket dark navy 2xl,8.296358,212.00006
big horn jacket dark navy 2xl,8.296358,212.00006
big horn jacket dark navy 2xl,8.296358,212.00006
big horn jacket dark navy l,30.428919,212.00006
big horn jacket dark navy l,30.426823,212.00006
big horn jacket dark navy m,33.56097,212.00006
big horn jacket dark navy m,33.56097,212.00006
big horn jacket dark navy s,55.178394,212.00006
big horn jacket dark navy s,55.178394,212.00006
big horn jacket dark navy s,55.178394,212.00006
big horn jacket dark navy xl,20.546648,212.00006
big horn jacket dark navy xl,20.54235,212.00006
big horn jacket dark navy xs,14.841567,212.00006
big horn jacket dark navy xs,14.839471,212.00006
bike cop patch black 1 sz,0.78996116,212.00006
bike patrol pant dark navy 30 30,0.59231013,212.00006
blood type patch kit a positive,0.78996116,212.00006
"bolo machete,fb,pe,blk/blk,e3/12,equ673",0.39640823,212.00006
branches usa flag cap black 1 sz,0.78996116,212.00006
branches usa flag cap black 1 sz,0.78996116,212.00006
braxton jacket black m,0.39640823,212.00006
braxton jacket grenade m,0.78996116,212.00006
braxton jacket grenade s,0.78996116,212.00006
brewed grnds to go patch green 1 sz,0.78996116,212.00006
brewing up victory l/s t black m,0.39640823,212.00006
bullet brain patch green 1 sz,0.39640823,212.00006
bullet brew patch black 1sz,1.1847556,212.00006
bullet donut pumpkn patch,0.39640823,212.00006
calacuerno tee black m,0.39640823,212.00006
calacuerno tee black m,0.39640823,212.00006
calacuerno tee black s,0.39640823,212.00006
calcetin bota combate ts azul 10-12,6.7184525,212.00006
calcetin bota combate ts azul 10-12,6.7184525,212.00006
calcetin bota combate ts azul 8-10,10.6973095,212.00006
calcetin bota combate ts azul 9-11,5.1515007,212.00006
calcetin bota combate ts azul 9-11,5.1515007,212.00006
calcetin bota combate ts beige 8-10,5.5393963,212.00006
calcetin bota combate ts negro 10-12,7.5110836,212.00006
calcetin bota combate ts negro 10-12,7.5110836,212.00006
calcetin bota combate ts negro 8-10,20.186724,212.00006
calcetin bota combate ts negro 9-11,10.451771,212.00006
calcetin bota combate ts negro 9-11,10.451771,212.00006
calcetin bota de combate beige 10-12,7.1199274,212.00006
calcetin bota de combate beige 9-11,2.7651675,212.00006
calcetin deporte talonera bs blan 9-11,1.5784949,212.00006
calcetin deporte talonera bs gris 9-11,3.158348,212.00006
calcetin deporte talonera bs negro 10-12,3.9804983,212.00006
calcetin deporte talonera bs negro 9-11,1.5784949,212.00006
camo crest s/s tee black l,0.39640823,212.00006
camo crest s/s tee black m,0.78996116,212.00006
camp field axe s/s tee black l,1.1847556,212.00006
camp field axe s/s tee black m,0.78996116,212.00006
camp field axe s/s tee black m,0.78996116,212.00006
camp field axe s/s tee black s,0.39640823,212.00006
cancer zodiac patch red 1 sz,0.39640823,212.00006
cancer zodiac patch red 1sz,0.78996116,212.00006
woodland camo fill hoodie black xl,0.39640823,212.00006
celtic dog patch brown 1sz,1.1847556,212.00006
cfk 4 kangaroo 1 sz,0.78996116,212.00006
cfk 7 peacemaker kangaroo 1 sz,0.39640823,212.00006
chameleon softshell 2.0 black l,0.39640823,212.00006
chameleon softshell 2.0 black m,1.1847556,212.00006
chameleon softshell 2.0 black m,1.1847556,212.00006
chameleon softshell 2.0 black s,0.78996116,212.00006
chameleon softshell 2.0 black s,0.78996116,212.00006
chameleon softshell 2.0 black s,0.78996116,212.00006
chameleon softshell 2.0 black s,0.78996116,212.00006
chameleon softshell 2.0 black xl,0.39640823,212.00006
chameleon softshell 2.0 dark navy l,0.39640823,212.00006
chameleon softshell 2.0 ranger green l,0.39640823,212.00006
chameleon softshell 2.0 ranger green l,0.39640823,212.00006
chameleon softshell 2.0 ranger green m,0.78996116,212.00006
chameleon softshell 2.0 ranger green m,0.78996116,212.00006
chameleon softshell 2.0 ranger green s,0.39640823,212.00006
chameleon softshell 2.0 ranger green s,0.39640823,212.00006
charge mpls black,0.39640823,212.00006
cinco once s/s tee heather grey m,0.39640823,212.00006
close only counts patch,0.39640823,212.00006
club ruck s/s tee black l,1.1847556,212.00006
club ruck s/s tee black m,0.39640823,212.00006
club ruck s/s tee black xl,0.39640823,212.00006
club ruck s/s tee black xl,0.39640823,212.00006
comfort mask dpp 2pk green l,0.39640823,212.00006
comfort mask dpp 2pk green m,0.39640823,212.00006
comfort mask dpp 2pk green m,0.39640823,212.00006
comfort mask sol 1pk navy blue l,0.78996116,212.00006
comfort mask sol 2pk black m,0.39640823,212.00006
competition shooting glv kangaroo 2xl,0.39640823,212.00006
competition shooting glv kangaroo l,0.39640823,212.00006
competition shooting glv kangaroo l,0.39640823,212.00006
competition shooting glv kangaroo xl,0.39640823,212.00006
competition shtg glv 2.0 019 black xl,2.9619176,212.00006
conquered patch blue 1sz,0.39640823,212.00006
covrt18 2.0 black 1 sz,0.39640823,212.00006
covrt18 2.0 black 1 sz,0.39640823,212.00006
covrt18 2.0 black 1sz,0.39640823,212.00006
covrt18 2.0 coyote 1 sz,0.39640823,212.00006
covrt18 2.0 coyote 1 sz,0.39640823,212.00006
daily deploy push pack black 1sz,0.39640823,212.00006
decoy convertible pant rngr green 34 32,0.39640823,212.00006
decoy convertible pant rngr green 34 32,0.39640823,212.00006
defender-flex slim jean dw indigo 36 32,0.39640823,212.00006
defender-flex slim jean dw indigo 36 32,0.39640823,212.00006
defender-flex slim jean dw indigo 38 32,0.39640823,212.00006
defender-flex slim jean dw indigo 40 32,0.39640823,212.00006
defender-flex slim jean sw charc 30 32,0.39640823,212.00006
defender-flex slim jean sw charc 34 32,0.39640823,212.00006
defender-flex slim jean sw charc 36 32,0.78996116,212.00006
defender-flex slim jean sw indigo 32 32,0.39640823,212.00006
defender-flex slim jean sw indigo 34 32,0.78996116,212.00006
defender-flex slim jean sw indigo 36 32,0.78996116,212.00006
division digital black 1 sz,0.39640823,212.00006
division digital black 1 sz,0.39640823,212.00006
don't thread patch green 1sz,0.39640823,212.00006
1.5in low pro tdu belt black l,0.39640823,212.00006
wm tclt pdu l/s b-cl shrt midnight nvy x,30.034203,212.00006
wm tclt pdu s/s b-cl shrt midnight nvy x,38.517426,212.00006
double pistol case black 1 sz,0.39640823,212.00006
double pistol case black 1 sz,0.39640823,212.00006
double pistol case kangaroo 1 sz,0.39640823,212.00006
double pistol case kangaroo 1 sz,0.39640823,212.00006
double pistol case ranger green 1 sz,0.39640823,212.00006
double pistol case ranger green 1 sz,0.39640823,212.00006
dredger 7in short black 36,0.39640823,212.00006
dredger 7in short black 36,0.39640823,212.00006
duty rain shell dark navy l,0.20677088,212.00006
duty rain shell dark navy l,0.20677088,212.00006
eagle april 2023 potm grey 1sz,0.39640823,212.00006
edc 2aaa kangaroo 1 sz,0.59231013,212.00006
edt multitool khaki 1sz,0.39640823,212.00006
edt rescue alert blue 1 sz,1.1847556,212.00006
emergency ready bag black 1 sz,0.39640823,212.00006
emergency ready bag black 1 sz,0.39640823,212.00006
5.11 a/t 6 sz black 6 r,15.615149,212.00006
esc rescue knife tumbld steel 1 sz,2.3714132,212.00006
esc rescue tool tumbld steel 1 sz,0.39640823,212.00006
escape at all costs patch,0.39640823,212.00006
escape patch brown 1sz,0.39640823,212.00006
eum id patch multi 1sz,0.78996116,212.00006
exo.e external elbow pad black 1sz,0.78996116,212.00006
exo.k external knee pad black 1sz,0.78996116,212.00006
exo.k external knee pad kangaroo 1 sz,0.9880135,212.00006
exo.k external knee pad kangaroo 1 sz,0.9880135,212.00006
f14 plane flight patch grey 1sz,0.78996116,212.00006
fast tac 6 black 10 r,2.3714132,212.00006
fast tac 6 black 10 r,2.3714132,212.00006
fast tac 6 black 10.5 r,1.1847556,212.00006
fast tac 6 black 10.5 r,1.1847556,212.00006
fast tac 6 black 11 r,0.59231013,212.00006
fast tac 6 black 11 r,0.59231013,212.00006
fast tac 6 black 11.5 r,0.59231013,212.00006
fast tac 6 black 11.5 r,0.59231013,212.00006
fast tac 6 black 4 r,0.59231013,212.00006
fast tac 6 black 4 r,0.59231013,212.00006
fast tac 6 black 5 r,2.3714132,212.00006
fast tac 6 black 5 r,2.3714132,212.00006
fast tac 6 black 6 r,4.767352,212.00006
fast tac 6 black 6 r,4.767352,212.00006
fast tac 6 black 7 r,5.542001,212.00006
fast tac 6 black 7 r,5.542001,212.00006
fast tac 6 black 7.5 r,0.39640823,212.00006
fast tac 6 black 7.5 r,0.39640823,212.00006
fast tac 6 black 8 r,3.289026,212.00006
fast tac 6 black 8 r,3.289026,212.00006
fast tac 6 black 8.5 r,0.39640823,212.00006
fast tac 6 black 8.5 r,0.39640823,212.00006
fast tac 6 black 9 r,4.3719864,212.00006
fast tac 6 black 9.5 r,3.1609528,212.00006
fast tac 6 black 9.5 r,3.1609528,212.00006
fast tac 8'' black 10 r,0.39640823,212.00006
fast tac vest black l,0.39640823,212.00006
fast tac vest black m,0.39640823,212.00006
fast tac vest black m,0.39640823,212.00006
fast tac vest black s,0.78996116,212.00006
fast tac vest black s,0.78996116,212.00006
fast tac vest black xl,0.78996116,212.00006
fast tac vest ranger green l,0.39640823,212.00006
fast tac vest ranger green m,0.39640823,212.00006
fast tac vest ranger green xl,0.39640823,212.00006
fast tac vest tdu khaki l,0.39640823,212.00006
fast tac vest tdu khaki l,0.39640823,212.00006
fast tac vest tdu khaki m,0.78996116,212.00006
fast tac vest tdu khaki s,0.39640823,212.00006
fast tac vest tdu khaki s,0.39640823,212.00006
fast tac vest tdu khaki xl,0.39640823,212.00006
fast-tac cargo pant battle brown 32 30,0.39640823,212.00006
fast-tac cargo pant battle brown 32 32,0.78996116,212.00006
fast-tac cargo pant battle brown 38 32,0.39640823,212.00006
fast-tac cargo pant battle brown 38 32,0.39640823,212.00006
fast-tac cargo pant black 34 30,0.39640823,212.00006
fast-tac cargo pant black 34 32,0.59231013,212.00006
fast-tac cargo pant black 34 32,0.59231013,212.00006
fast-tac cargo pant black 36 32,0.39640823,212.00006
fast-tac cargo pant black 36 32,0.39640823,212.00006
fast-tac cargo pant black 36 34,0.39640823,212.00006
fast-tac cargo pant black 40 32,0.39640823,212.00006
fast-tac cargo pant charcoal 30 32,0.39640823,212.00006
fast-tac cargo pant charcoal 30 32,0.39640823,212.00006
fast-tac cargo pant charcoal 32 30,0.78996116,212.00006
fast-tac cargo pant charcoal 32 30,0.78996116,212.00006
fast-tac cargo pant charcoal 32 32,1.1847556,212.00006
fast-tac cargo pant charcoal 32 32,1.1847556,212.00006
fast-tac cargo pant charcoal 34 30,0.78996116,212.00006
fast-tac cargo pant charcoal 34 30,0.78996116,212.00006
fast-tac cargo pant charcoal 36 32,0.39640823,212.00006
fast-tac cargo pant charcoal 40 32,0.78996116,212.00006
fast-tac cargo pant charcoal 40 32,0.78996116,212.00006
fast-tac cargo pant dark navy 28 32,2.7677722,212.00006
fast-tac cargo pant dark navy 30 30,0.39640823,212.00006
fast-tac cargo pant dark navy 30 32,4.176469,212.00006
fast-tac cargo pant dark navy 32 32,9.477407,212.00006
fast-tac cargo pant dark navy 34 32,0.78996116,212.00006
fast-tac cargo pant dark navy 34 34,6.1295214,212.00006
fast-tac cargo pant dark navy 36 34,4.1751113,212.00006
fast-tac cargo pant dark navy 38 32,0.59231013,212.00006
fast-tac cargo pant dark navy 38 32,0.59231013,212.00006
fast-tac cargo pant dark navy 38 34,1.5797422,212.00006
fast-tac cargo pant dark navy 38 34,1.5797422,212.00006
fast-tac cargo pant dark navy 40 32,0.39640823,212.00006
fast-tac cargo pant dark navy 40 32,0.39640823,212.00006
fast-tac cargo pant dark navy 40 34,1.1847556,212.00006
fast-tac cargo pant dark navy 42 32,0.39640823,212.00006
fast-tac cargo pant dark navy 42 34,0.59231013,212.00006
fast-tac cargo pant dark navy 44 34,0.20677088,212.00006
fast-tac cargo pant dark navy 46 32,0.39640823,212.00006
fast-tac cargo pant dark navy 46 32,0.39640823,212.00006
fast-tac cargo pant khaki 30 30,0.39640823,212.00006
fast-tac cargo pant khaki 34 32,0.78996116,212.00006
fast-tac cargo pant khaki 34 32,0.78996116,212.00006
fast-tac l/s shirt black l,0.39640823,212.00006
fast-tac l/s shirt black l,0.39640823,212.00006
fast-tac l/s shirt black l,0.39640823,212.00006
fast-tac l/s shirt black m,1.3821095,212.00006
fast-tac l/s shirt black m,1.3821095,212.00006
fast-tac l/s shirt black m,1.3821095,212.00006
fast-tac l/s shirt charcoal l,0.39640823,212.00006
fast-tac l/s shirt charcoal l,0.39640823,212.00006
fast-tac l/s shirt charcoal m,0.78996116,212.00006
fast-tac l/s shirt charcoal m,0.78996116,212.00006
fast-tac l/s shirt charcoal s,0.39640823,212.00006
fast-tac l/s shirt charcoal s,0.39640823,212.00006
fast-tac l/s shirt dark navy 2xl,0.9880135,212.00006
fast-tac l/s shirt dark navy 3xl,0.9880135,212.00006
fast-tac l/s shirt dark navy 3xl,0.9880135,212.00006
fast-tac l/s shirt dark navy l,7.710916,212.00006
fast-tac l/s shirt dark navy l,7.7095585,212.00006
fast-tac l/s shirt dark navy m,12.643896,212.00006
fast-tac l/s shirt dark navy m,12.629135,212.00006
fast-tac l/s shirt dark navy s,4.7659945,212.00006
fast-tac l/s shirt dark navy xl,4.1751113,212.00006
fast-tac l/s shirt khaki l,0.39640823,212.00006
fast-tac l/s shirt khaki l,0.39640823,212.00006
fast-tac l/s shirt khaki l,0.39640823,212.00006
fast-tac l/s shirt khaki m,0.39640823,212.00006
fast-tac l/s shirt khaki m,0.39640823,212.00006
fast-tac l/s shirt khaki s,0.39640823,212.00006
fast-tac l/s shirt uniform whte 2xl,3.1609528,212.00006
fast-tac l/s shirt uniform whte l,8.296358,212.00006
fast-tac l/s shirt uniform whte m,9.884452,212.00006
fast-tac l/s shirt uniform whte s,4.767352,212.00006
fast-tac l/s shirt uniform whte xl,8.296358,212.00006
fast-tac s/s shirt black l,0.39640823,212.00006
fast-tac s/s shirt charcoal l,0.39640823,212.00006
fast-tac s/s shirt charcoal l,0.39640823,212.00006
fast-tac s/s shirt charcoal m,0.39640823,212.00006
fast-tac s/s shirt charcoal m,0.39640823,212.00006
fast-tac s/s shirt charcoal s,0.39640823,212.00006
fast-tac s/s shirt dark navy l,0.39640823,212.00006
fast-tac s/s shirt dark navy l,0.39640823,212.00006
fast-tac s/s shirt dark navy l,0.39640823,212.00006
fast-tac s/s shirt dark navy l,0.39640823,212.00006
fast-tac s/s shirt dark navy m,2.7677722,212.00006
fast-tac s/s shirt dark navy m,2.7677722,212.00006
fast-tac s/s shirt khaki m,0.39640823,212.00006
fast-tac s/s shirt khaki s,0.39640823,212.00006
fast-tac s/s shirt uniform whte m,0.78996116,212.00006
fast-tac tdu pant dark navy 28 30,0.9880135,212.00006
fast-tac tdu pant dark navy 28 32,8.692367,212.00006
fast-tac tdu pant dark navy 28 34,15.974202,212.00006
fast-tac tdu pant dark navy 30 30,49.76493,212.00006
fast-tac tdu pant dark navy 30 32,26.599743,212.00006
fast-tac tdu pant dark navy 30 32,26.56444,212.00006
fast-tac tdu pant dark navy 32 30,1.3821095,212.00006
fast-tac tdu pant dark navy 32 32,34.199905,212.00006
fast-tac tdu pant dark navy 32 32,34.235214,212.00006
fast-tac tdu pant dark navy 32 34,125.66944,212.00006
fast-tac tdu pant dark navy 32 34,125.66944,212.00006
fast-tac tdu pant dark navy 34 30,23.979132,212.00006
fast-tac tdu pant dark navy 34 32,210.9567,212.00006
fast-tac tdu pant dark navy 34 32,210.9567,212.00006
fast-tac tdu pant dark navy 34 34,1.1847556,212.00006
fast-tac tdu pant dark navy 36 32,195.37277,212.00006
fast-tac tdu pant dark navy 36 32,195.38016,212.00006
fast-tac tdu pant dark navy 36 34,0.9880135,212.00006
fast-tac tdu pant dark navy 38 32,122.70365,212.00006
fast-tac tdu pant dark navy 38 32,122.70365,212.00006
fast-tac tdu pant dark navy 40 32,29.072792,212.00006
fast-tac tdu pant dark navy 40 32,29.072792,212.00006
fast-tac tdu pant dark navy 42 30,3.1609528,212.00006
fast-tac tdu pant dark navy 42 30,3.1609528,212.00006
fast-tac tdu pant dark navy 42 32,22.531599,212.00006
fast-tac tdu pant dark navy 42 32,22.533695,212.00006
fast-tac tdu pant dark navy 42 32,22.533695,212.00006
fast-tac tdu pant dark navy 42 34,0.59231013,212.00006
fast-tac tdu pant dark navy 44 32,0.59231013,212.00006
fast-tac tdu pant lg dark navy 46 30,0.20677088,212.00006
fast-tac tdu pant lg dark navy 48 32,0.20677088,212.00006
fast-tac tdu rapid l/s tdu green m,0.39640823,212.00006
fast-tac tdu rapid l/s tdu green m,0.39640823,212.00006
fast-tac tdu rapid l/s tdu khaki l,0.39640823,212.00006
fast-tac tdu shirt dark navy 2xl,21.144083,212.00006
fast-tac tdu shirt dark navy 2xl,21.144083,212.00006
fast-tac tdu shirt dark navy 3xl,0.20677088,212.00006
fast-tac tdu shirt dark navy l,210.9567,212.00006
fast-tac tdu shirt dark navy m,340.18427,212.00006
fast-tac tdu shirt dark navy m,340.18427,212.00006
fast-tac tdu shirt dark navy s,164.81491,212.00006
fast-tac tdu shirt dark navy xl,75.69101,212.00006
fast-tac urban pant dark navy 32 32,0.39640823,212.00006
fast-tac urban pant dark navy 32 32,0.39640823,212.00006
fast-tac urban pant dark navy 34 32,0.39640823,212.00006
fast-tac urban pant dark navy 34 32,0.39640823,212.00006
fastfit negro m,0.39640823,212.00006
fastfit negro s,0.39640823,212.00006
ferro knife multi 1 sz,1.5784949,212.00006
flag bearer cap mc blk multicam 1sz,2.3688085,212.00006
flex admin pouch black 1 sz,0.39640823,212.00006
flex admin pouch kangaroo 1 sz,0.39640823,212.00006
flex cuff pouch black 1 sz,0.39640823,212.00006
flex dbl pistol 2.0 pouch black 1 sz,1.1847556,212.00006
flex disposable glv pouch black 1 sz,1.1847556,212.00006
flex disposable glv pouch rngr grn 1 sz,0.78996116,212.00006
flex med pouch kangaroo 1 sz,0.39640823,212.00006
flex med pouch ranger green 1 sz,0.39640823,212.00006
flex radio 2.0 pouch black 1 sz,0.78996116,212.00006
flex radio 2.0 pouch black 1 sz,0.78996116,212.00006
flex single g36 mag pouch black 1 sz,0.39640823,212.00006
flex single g36 mag pouch black 1 sz,0.39640823,212.00006
flex triple ar mag cover pouch black 1 s,0.39640823,212.00006
flex triple ar mag cover pouch black 1sz,0.39640823,212.00006
flex-tac tdu rapid ls dark navy s r,8.691009,212.00006
football nov 23 potm orange 1sz,0.39640823,212.00006
freedom flex ss shirt black 2xl,0.78996116,212.00006
freedom flex ss shirt black 2xl,0.78996116,212.00006
freedom flex ss shirt black l,1.1847556,212.00006
freedom flex ss shirt black l,1.1847556,212.00006
freedom flex ss shirt black m,1.5797422,212.00006
freedom flex ss shirt black s,0.78996116,212.00006
freedom flex ss shirt black s,0.78996116,212.00006
freedom flex ss shirt black xl,0.78996116,212.00006
freedom flex ss shirt peacoat l,0.39640823,212.00006
freedom flex ss shirt ranger green m,1.1847556,212.00006
freedom flex ss shirt ranger green m,1.1847556,212.00006
freedom flex ss shirt ranger green s,0.39640823,212.00006
freedom flex ss shirt storm l,0.78996116,212.00006
freedom flex ss shirt storm l,0.78996116,212.00006
freedom flex ss shirt storm m,1.5797422,212.00006
freedom flex ss shirt storm s,0.39640823,212.00006
freedom flex ss shirt true blue l,0.39640823,212.00006
freedom flex woven ls black l,0.39640823,212.00006
freedom flex woven ls black m,0.39640823,212.00006
freedom flex woven ls black m,0.39640823,212.00006
freedom flex woven ls black xl,0.39640823,212.00006
freedom flex woven ls black xl,0.39640823,212.00006
freedom flex woven ls storm l,0.39640823,212.00006
fresh and fast patch brown 1sz,0.39640823,212.00006
frog diver patch green 1 sz,0.39640823,212.00006
frog diver patch green 1sz,0.78996116,212.00006
frontliner s/s tee indigo m,0.78996116,212.00006
frontliner s/s tee indigo s,0.78996116,212.00006
good luck 2.0 patch brown 1 sz,1.1847556,212.00006
grilling machine apron coin 1sz,0.78996116,212.00006
gt to the choppa keychain brown 1sz,0.39640823,212.00006
guerrero jaguar ss tee charcoal m,0.39640823,212.00006
h20 carrier black 1sz,0.78996116,212.00006
halo neck gaiter black 1 sz,1.971542,212.00006
halo neck gaiter black 1 sz,1.971542,212.00006
halo neck gaiter woodland camo 1 sz,17.003914,212.00006
halo neck gaiter woodland camo 1 sz,17.003914,212.00006
hand gun v2 patch gold 1 sz,0.39640823,212.00006
hand gun v2 patch gold 1 sz,0.39640823,212.00006
hardpoint b150 black 1sz,0.39640823,212.00006
hardpoint b175 black 1sz,0.78996116,212.00006
hardpoint b175 kangaroo 1sz,0.39640823,212.00006
hardpoint m1 + md black 1 sz,0.39640823,212.00006
hardpoint m2 black 1 sz,0.39640823,212.00006
hardpoint m3 black 1 sz,0.39640823,212.00006
hardpoint m3 kangaroo 1 sz,0.39640823,212.00006
hardpoint mk1 black 1 sz,1.1847556,212.00006
hardpoint mk1 kangaroo 1 sz,1.5784949,212.00006
hello darkness 2.0 patch brown 1 sz,0.39640823,212.00006
heron knife black 1 sz,0.39640823,212.00006
high abrasion glv 2.0 kangaroo l,9.288743,212.00006
high abrasion glv 2.0 kangaroo l,9.288743,212.00006
high abrasion glv 2.0 kangaroo m,2.7677722,212.00006
high abrasion glv 2.0 kangaroo m,2.7677722,212.00006
high abrasion glv 2.0 kangaroo s,0.78996116,212.00006
high abrasion glv 2.0 kangaroo s,0.78996116,212.00006
high abrasion glv 2.0 ranger green l,1.3821095,212.00006
high abrasion glv 2.0 ranger green l,1.3821095,212.00006
high abrasion glv 2.0 ranger green m,1.5797422,212.00006
high abrasion glv 2.0 ranger green m,1.5797422,212.00006
holster pouch black 1 sz,0.39640823,212.00006
hunters tall boy patch,0.78996116,212.00006
i scope patch mx black 1 sz,0.39640823,212.00006
i scope patch mx black 1sz,0.78996116,212.00006
icarus dp mini black 1 sz,0.39640823,212.00006
icon pant black 30 30,0.39640823,212.00006
icon pant black 30 30,0.39640823,212.00006
icon pant black 32 32,0.78996116,212.00006
icon pant black 32 32,0.78996116,212.00006
icon pant black 34 32,0.78996116,212.00006
icon pant black 34 32,0.78996116,212.00006
icon pant black 36 32,0.39640823,212.00006
icon pant black 36 32,0.39640823,212.00006
icon pant dark navy 30 30,0.78996116,212.00006
icon pant dark navy 32 30,0.39640823,212.00006
icon pant dark navy 34 32,0.78996116,212.00006
icon pant dark navy 34 32,0.78996116,212.00006
icon pant flint 30 32,0.39640823,212.00006
icon pant kangaroo 32 30,0.39640823,212.00006
icon pant kangaroo 32 32,0.39640823,212.00006
icon pant kangaroo 32 32,0.39640823,212.00006
icon pant kangaroo 34 32,0.78996116,212.00006
icon pant kangaroo 34 32,0.78996116,212.00006
icon pant kangaroo 38 32,0.39640823,212.00006
icon pant kangaroo 38 32,0.39640823,212.00006
icon pant khaki 30 32,0.39640823,212.00006
icon pant khaki 30 32,0.39640823,212.00006
icon pant khaki 32 30,0.39640823,212.00006
icon pant khaki 34 32,1.5797422,212.00006
icon pant khaki 40 32,0.39640823,212.00006
icon pant khaki 40 32,0.39640823,212.00006
icon pant ranger green 32 30,0.39640823,212.00006
icon pant ranger green 34 32,0.78996116,212.00006
icon pant ranger green 34 32,0.78996116,212.00006
icon pant ranger green 36 32,0.39640823,212.00006
icon pant ranger green 38 32,0.39640823,212.00006
ir led l3 modified switch rail-tan,0.39640823,212.00006
iwb holster fits: glock 19 19x 23 32 45,0.39640823,212.00006
iwb kydex holster (optic ready),0.78996116,212.00006
june 2021 potm multi 1sz,0.39640823,212.00006
keyboard warrior patch green 1sz,1.1847556,212.00006
wm tclt pdu a-class pant midnight nvy 6,34.963303,212.00006
5.11 a/t 8 dark coyote 10.5 r,8.497003,212.00006
kit piern p p glock n2 / p pr ind negro,0.39640823,212.00006
kit piernera/p.p. universal n-2 der coyo,0.39640823,212.00006
kubaton tactical pen black 1 sz,1.1847556,212.00006
kubaton tactical pen black 1 sz,1.1847556,212.00006
kubaton tactical pen sandstone 1 sz,1.5784949,212.00006
kubaton tactical pen sandstone 1 sz,1.5784949,212.00006
le emt 2.0 tumbld steel 1 sz,0.39640823,212.00006
le emt 2.0 tumbld steel 1sz,0.39640823,212.00006
legacy box trucker 1sz,1.1847556,212.00006
legacy box trucker major brown 1sz,0.78996116,212.00006
legacy box trucker pacific navy 1sz,0.39640823,212.00006
legacy box trucker pond 1 sz,0.39640823,212.00006
legacy box trucker pond 1 sz,0.39640823,212.00006
legacy box trucker pond 1sz,0.78996116,212.00006
legacy box trucker turbulence 1 sz,0.39640823,212.00006
legacy camo fill s/s tee silver l,0.39640823,212.00006
legacy camo fill s/s tee silver l,0.39640823,212.00006
legacy camo fill s/s tee silver m,0.39640823,212.00006
letter and reticle ss tee black m,0.39640823,212.00006
letter and reticle ss tee l,0.39640823,212.00006
letter and reticle ss tee l,0.39640823,212.00006
letter and reticle ss tee m,0.39640823,212.00006
level 2 kydex holster drop leg (right ha,0.39640823,212.00006
liberty flex l/s shirt black m,0.59231013,212.00006
liberty flex l/s shirt black m,0.59231013,212.00006
liberty flex l/s shirt black s,0.78996116,212.00006
liberty flex l/s shirt black s,0.78996116,212.00006
log jam video game patch grey 1sz,0.39640823,212.00006
"lst,fldr,dp,pe,blk,e6/24,knf036,lst,dp,",0.39640823,212.00006
lucha gnome ss tee charcoal htr m,1.5784949,212.00006
lucha gnome ss tee charcoal htr s,1.1847556,212.00006
lv18 2.0 backpack,2.7664149,212.00006
lvc6 2.0 waist pack black 1sz,6.3250504,212.00006
lvc8 sling pack black 1 sz,0.39640823,212.00006
lvc8 sling pack black 1sz,0.78996116,212.00006
m pact fingerless negro l,0.39640823,212.00006
marksman l/s shirt blue mussel l,0.20677088,212.00006
marksman l/s shirt blue mussel m,0.39640823,212.00006
marksman l/s shirt sage green l,0.78996116,212.00006
marksman l/s shirt sage green l,0.78996116,212.00006
marksman l/s shirt sand dune s,0.39640823,212.00006
marksman l/s shirt sand dune s,0.39640823,212.00006
marksman l/s shirt volcanic l,0.39640823,212.00006
marksman l/s shirt volcanic l,0.39640823,212.00006
wm tclt pdu s/s b-cl shrt midnight nvy l,11.658302,212.00006
marksman s/s shirt blue mussel l,0.39640823,212.00006
marksman s/s shirt blue mussel m,0.39640823,212.00006
marksman s/s shirt blue mussel s,0.39640823,212.00006
marksman utility s/s shrt field green s,0.39640823,212.00006
marksman utility s/s shrt field green s,0.39640823,212.00006
marksman utility s/s shrt volcanic l,0.78996116,212.00006
marksman utility s/s shrt volcanic l,0.78996116,212.00006
marksman utility s/s shrt volcanic m,1.5797422,212.00006
marksman utility s/s shrt volcanic m,1.5797422,212.00006
marksman utility s/s shrt volcanic s,1.1847556,212.00006
marksman utility s/s shrt volcanic xl,0.39640823,212.00006
maverick edc 1.5 belt black m,0.39640823,212.00006
may 2022 potm blue 1sz,0.39640823,212.00006
meridian pant,0.39640823,212.00006
meridian pant sage green 34 32,1.1847556,212.00006
meridian pant sage green 34 32,1.1847556,212.00006
meridian pant volcanic 32 32,0.78996116,212.00006
meridian pant volcanic 32 32,0.78996116,212.00006
meridian pant volcanic 34 32,0.39640823,212.00006
meridian pant volcanic 40 32,0.39640823,212.00006
mexico 5.11 fill ss tee black l,1.1847556,212.00006
mexico 5.11 fill ss tee black m,0.39640823,212.00006
mexico 5.11 fill ss tee black s,0.39640823,212.00006
mexico 5.11 fill ss tee black xl,0.39640823,212.00006
mexico 5.11 fill ss tee black xl,0.39640823,212.00006
minefield ss tee heather grey l,0.78996116,212.00006
minefield ss tee heather grey xl,0.39640823,212.00006
minefield ss tee heather grey xl,0.39640823,212.00006
mission ready 3.0 ranger green 1 sz,0.39640823,212.00006
mission ready 3.0 ranger green 1 sz,0.39640823,212.00006
mission ready dog collar fluorscn org m,0.78996116,212.00006
mission ready dog collar sage green l,0.78996116,212.00006
mission ready dog collar sage green m,0.78996116,212.00006
mission ready dog collar volcanic m,0.39640823,212.00006
mission ready dog harness fluorscn org m,0.39640823,212.00006
mission ready dog harness sage green l/x,0.78996116,212.00006
mission ready dog harness volcanic l/xl,0.39640823,212.00006
mission ready dog leash volcanic 1sz,0.39640823,212.00006
moab 10 ranger green 1 sz,0.39640823,212.00006
moab 6 black 1sz,1.5797422,212.00006
moab 6 kangaroo 1sz,0.39640823,212.00006
moab 6 ranger green 1sz,0.39640823,212.00006
"mohoc infrared (ir) camera, li-ion",0.39640823,212.00006
moto cop patch black 1 sz,0.78996116,212.00006
moto cop patch black 1 sz,0.78996116,212.00006
motor cycle breeches midnight nvy 30-r,0.20677088,212.00006
motor cycle breeches midnight nvy 32 s,2.7677722,212.00006
motor cycle breeches midnight nvy 32 s,2.7677722,212.00006
mountain wolf l/s tee heather grey m,0.39640823,212.00006
mountain wolf l/s tee heather grey s,0.39640823,212.00006
mpact coyote m,0.39640823,212.00006
mpact coyote s,0.39640823,212.00006
multitron patch grey 1sz,0.39640823,212.00006
mx aguila legacy patch black 1sz,2.3688085,212.00006
natures overlandr ss tee pond l,0.39640823,212.00006
natures overlandr ss tee pond s,0.39640823,212.00006
neon legacy s/s tee black l,0.39640823,212.00006
neon legacy s/s tee black l,0.39640823,212.00006
neptunes navy patch brown 1sz,0.39640823,212.00006
no clowns patch,0.39640823,212.00006
no fks given keychain green 1 sz,0.39640823,212.00006
no fks given keychain green 1sz,0.78996116,212.00006
no mercy pt-r s/s top l,0.39640823,212.00006
no mercy pt-r s/s top pacific navy s,0.39640823,212.00006
no mercy pt-r s/s top s,0.39640823,212.00006
no mercy pt-r s/s top s,0.39640823,212.00006
no mercy pt-r s/s top xl,0.39640823,212.00006
no rucks given patch major brown 1sz,2.7651675,212.00006
octo wild ones s/s tee cinder htr m,0.39640823,212.00006
octo wild ones s/s tee cinder htr s,0.39640823,212.00006
octo wild ones s/s tee cinder htr s,0.39640823,212.00006
october 2021 potm orange 1 sz,0.39640823,212.00006
offroad dreamin trucker blue 1 sz,1.1847556,212.00006
offroad dreamin trucker blue 1 sz,1.1847556,212.00006
operator 1 3/4 inch belt black 2xl,12.676562,212.00006
operator 1 3/4 inch belt black 2xl,12.676562,212.00006
operator 1 3/4 inch belt black 3xl,0.20677088,212.00006
operator 1 3/4 inch belt black 3xl,0.20677088,212.00006
operator 1 3/4 inch belt black l,116.38448,212.00006
operator 1 3/4 inch belt black l,116.38448,212.00006
operator 1 3/4 inch belt black m,125.2611,212.00006
operator 1 3/4 inch belt black s,25.704369,212.00006
operator 1 3/4 inch belt black xl,42.04648,212.00006
operator 1 3/4 inch belt black xl,42.04648,212.00006
operator 1 3/4 inch belt kangaroo m,0.39640823,212.00006
operator 2.0 flex cap black l/xl,0.39640823,212.00006
operator 2.0 flex cap black l/xl,0.39640823,212.00006
operator 2.0 flex cap storm l/xl,0.39640823,212.00006
operator 2.0 flex cap storm m/l,0.78996116,212.00006
optic state of mind patch grey 1sz,0.39640823,212.00006
original multicam m,0.78996116,212.00006
original negro m,0.78996116,212.00006
originalâ® negro s,0.39640823,212.00006
outpost chrono storm 1 sz,0.20677088,212.00006
outpost chrono tac od 1 sz,0.78996116,212.00006
overwatch briefcase black 1 sz,0.39640823,212.00006
overwatch briefcase kangaroo 1 sz,1.1847556,212.00006
overwatch messenger black 1 sz,2.7677722,212.00006
overwatch messenger double tap 1 sz,0.78996116,212.00006
owb kydex paddle holster (optic ready),1.1847556,212.00006
p.pistola beretta px4 der n-2 t. paleta,0.39640823,212.00006
p.pistola glock 17/19/22 der n-2 a.bajo,0.39640823,212.00006
p.pistola glock 17/19/22 der n-2 t.pa cy,0.78996116,212.00006
p.pistola jericho 941pl der n-2 a.bajo,0.39640823,212.00006
p.pistola jericho941pl der n-2 t.paleta,0.39640823,212.00006
packable jacket black l,0.39640823,212.00006
packable jacket black l,0.39640823,212.00006
packable jacket black m,0.78996116,212.00006
packable jacket black m,0.78996116,212.00006
packable jacket black s,1.5797422,212.00006
packable jacket black s,1.5797422,212.00006
packable jacket black s,1.5797422,212.00006
packable jacket black s,1.5797422,212.00006
packable jacket black xl,0.39640823,212.00006
packable jacket black xl,0.39640823,212.00006
packable jacket black xs,0.78996116,212.00006
packable jacket dark navy l,0.39640823,212.00006
packable jacket dark navy l,0.39640823,212.00006
packable jacket dark navy m,0.78996116,212.00006
packable jacket dark navy s,0.39640823,212.00006
packable jacket sheriff grn m,0.39640823,212.00006
packable jacket sheriff grn s,0.78996116,212.00006
packable pocket blanket ranger green 1sz,0.39640823,212.00006
pancho villa tee ranger green m,0.78996116,212.00006
pancho villa tee ranger green xl,0.39640823,212.00006
"paraframe i,cp,se,ti gry,clp,e 3/12,par",0.39640823,212.00006
"paraframe mini,tanto,pe,ss,e3/12,para m",0.39640823,212.00006
pathfinder kangaroo 1 sz,0.39640823,212.00006
pathfinder kangaroo 1 sz,0.39640823,212.00006
peacemakers l/s tee navy l,0.39640823,212.00006
peacemakers l/s tee navy m,0.78996116,212.00006
performance l/s polo black m,0.39640823,212.00006
performance l/s polo black s,0.39640823,212.00006
performance l/s polo black xl,0.39640823,212.00006
performance l/s polo dark navy m,1.1847556,212.00006
performance l/s polo dark navy s,1.1847556,212.00006
performance s/s polo black l,0.39640823,212.00006
performance s/s polo black m,1.5797422,212.00006
performance s/s polo charcoal m,0.39640823,212.00006
performance s/s polo charcoal xl,0.39640823,212.00006
performance s/s polo dark navy 2xl,0.9880135,212.00006
performance s/s polo dark navy 3xl,0.78996116,212.00006
performance s/s polo dark navy 3xl,0.78996116,212.00006
performance s/s polo dark navy l,5.9464355,212.00006
performance s/s polo dark navy l,5.9464355,212.00006
performance s/s polo dark navy l dark n,4.369382,212.00006
performance s/s polo dark navy m,12.4685545,212.00006
performance s/s polo dark navy s,3.7736173,212.00006
performance s/s polo dark navy xs,1.1847556,212.00006
performance s/s polo dark navy xs,1.1847556,212.00006
performance s/s polo l.e. green l,0.78996116,212.00006
performance s/s polo l.e. green m,0.39640823,212.00006
performance s/s polo l.e. green s,0.39640823,212.00006
performance s/s polo range red l,0.39640823,212.00006
performance s/s polo silver tan l,1.1847556,212.00006
performance s/s polo silver tan m,0.39640823,212.00006
performance s/s polo silver tan s,0.78996116,212.00006
performance s/s polo silver tan s,0.78996116,212.00006
performance s/s polo silver tan xl,0.39640823,212.00006
performance s/s polo tall dark navy 4xl,0.20677088,212.00006
performance s/s polo tall dark navy 4xl,0.20677088,212.00006
performance s/s polo tdu green l,0.78996116,212.00006
performance s/s polo tdu green m,0.39640823,212.00006
performance s/s polo white l,0.39640823,212.00006
quantum tdu pant dark navy 30 32,0.39640823,212.00006
radiant rechargeable led glow stick disc,4.369382,212.00006
performance s/s polo white s,0.39640823,212.00006
phantom card wallet,0.39640823,212.00006
polytac 90x usb - sl-b26 battery pack &,0.39640823,212.00006
porta baston retractil,0.39640823,212.00006
porta guantes negro,0.39640823,212.00006
porta pistola beretta 92f nivel ii g.tip,1.1847556,212.00006
porta pistola glock 17/19/22 der n-2 a.b,0.39640823,212.00006
porta pistola glock 17/19/22 der n-2 a.b,0.39640823,212.00006
porta pistola glock 17/19/22 nivel ii g.,1.5784949,212.00006
porta proveedor individual,1.5784949,212.00006
porta proveedor v2 doble negro,0.39640823,212.00006
protac hl 5-x usb negro,0.39640823,212.00006
prtctrs deep space ss tee black l,0.78996116,212.00006
rapid assault shirt mcm multicam s,0.20677088,212.00006
rapid assault shirt mcm multicam s,0.20677088,212.00006
rapid assault shirt mcm multicam xl,1.5797422,212.00006
prtctrs deep space ss tee black l,0.78996116,212.00006
prtctrs deep space ss tee black m,0.39640823,212.00006
prtctrs deep space ss tee black m,0.39640823,212.00006
prtctrs deep space ss tee black s,0.39640823,212.00006
pt-r charge l/s 2.0 black htr m,0.78996116,212.00006
pt-r charge l/s 2.0 black htr s,0.39640823,212.00006
pt-r charge l/s 2.0 black htr s,0.39640823,212.00006
pt-r charge l/s 2.0 black l,0.39640823,212.00006
pt-r charge l/s 2.0 black l,0.39640823,212.00006
pt-r havoc cap,0.78996116,212.00006
pt-r havoc short black l,0.39640823,212.00006
purpose crest ss tee black m,0.39640823,212.00006
push pack black 1sz,0.39640823,212.00006
rhino breacher patch red 1sz,0.39640823,212.00006
ridge pant black 30 30,0.39640823,212.00006
ridge pant black 30 32,0.78996116,212.00006
range master pouch lg black 1 sz,0.78996116,212.00006
rapid assault shirt black l,0.78996116,212.00006
rapid assault shirt black l,0.78996116,212.00006
rapid assault shirt dark navy l,8.296358,212.00006
rapid assault shirt dark navy l,8.296358,212.00006
rapid assault shirt dark navy m,23.62744,212.00006
rapid assault shirt dark navy s,23.62744,212.00006
rapid assault shirt mcm multicam 2xl,0.20677088,212.00006
rapid assault shirt mcm multicam 2xl,0.20677088,212.00006
rapid assault shirt mcm multicam l,2.963165,212.00006
rapid assault shirt mcm multicam l,2.963165,212.00006
rapid assault shirt mcm multicam m,0.20677088,212.00006
rapid assault shirt mcm multicam m,0.20677088,212.00006
ridge pant kangaroo 30 32,0.78996116,212.00006
ridge pant kangaroo 32 32,1.5797422,212.00006
ridge pant kangaroo 32 32,1.5797422,212.00006
rapid assault shirt mcm multicam xl,1.5797422,212.00006
rapid assault shirt tdu khaki l,0.78996116,212.00006
rapid assault shirt tdu khaki l,0.78996116,212.00006
rapid assault shirt tdu khaki l,0.78996116,212.00006
rapid assault shirt tdu khaki l,0.78996116,212.00006
rapid assault shirt tdu khaki m,1.7740036,212.00006
rapid assault shirt tdu khaki m,1.7740036,212.00006
rapid assault shirt tdu khaki m,1.7740036,212.00006
rapid assault shirt tdu khaki s,2.1606457,212.00006
rapid assault shirt tdu khaki s,2.1606457,212.00006
rapid l2 black 1 sz,0.39640823,212.00006
rapid l2 black 1 sz,0.39640823,212.00006
response jacket dark navy s,0.39640823,212.00006
ridge pant ranger green 30 32,1.5797422,212.00006
ridge pant ranger green 32 32,1.1847556,212.00006
ridge pant ranger green 32 32,1.1847556,212.00006
ridge pant black 30 32,0.78996116,212.00006
ridge pant black 32 32,1.5797422,212.00006
ridge pant black 32 32,1.5797422,212.00006
ridge pant black 34 32,0.39640823,212.00006
ridge pant black 38 32,0.39640823,212.00006
ridge pant black 38 32,0.39640823,212.00006
ridge pant dark navy 30 32,0.39640823,212.00006
ridge pant dark navy 32 32,1.1847556,212.00006
ridge pant dark navy 32 32,1.1847556,212.00006
ridge pant dark navy 34 32,1.1847556,212.00006
ridge pant dark navy 34 32,1.1847556,212.00006
ridge pant dark navy 36 32,0.39640823,212.00006
ridge pant dark navy 36 32,0.39640823,212.00006
rush12 2.0 backpack ranger green 1 sz,1.5797422,212.00006
rush24 2.0 backpack black 1 sz,0.39640823,212.00006
ridge pant kangaroo 34 32,0.78996116,212.00006
ridge pant kangaroo 36 32,0.78996116,212.00006
ridge pant kangaroo 36 32,0.78996116,212.00006
ridge pant kangaroo 38 32,0.39640823,212.00006
ridge pant kangaroo 38 32,0.39640823,212.00006
ridge pant kangaroo 38 32,0.39640823,212.00006
ridge pant kangaroo 40 32,0.78996116,212.00006
ridge pant khaki 30 32,0.39640823,212.00006
ridge pant khaki 30 32,0.39640823,212.00006
ridge pant khaki 32 32,0.39640823,212.00006
ridge pant khaki 32 32,0.39640823,212.00006
ridge pant khaki 34 32,0.78996116,212.00006
ridge pant khaki 34 32,0.78996116,212.00006
safety first july 23 potm yelow 1sz,0.39640823,212.00006
scope patch black 1 sz,0.39640823,212.00006
scope patch black 1sz,0.78996116,212.00006
ripstop tdu l/s shirt dark navy m r,61.060204,212.00006
ripstop tdu l/s shirt dark navy m r,61.060204,212.00006
ripstop tdu l/s shirt dark navy m t,0.78996116,212.00006
ripstop tdu l/s shirt dark navy xs r,10.858752,212.00006
ripstop tdu pant dark navy m r,0.39640823,212.00006
ripstop tdu pant dark navy m r,0.39640823,212.00006
ripstop tdu pant tdu khaki m r,0.39640823,212.00006
rush lbd mike kangaroo 1 sz,0.78996116,212.00006
rush lbd mike ranger green 1 sz,1.5797422,212.00006
rush moab 10 storm 1sz,0.39640823,212.00006
rush12 2.0 backpack black 1 sz,0.39640823,212.00006
rush12 2.0 backpack black 1 sz,0.39640823,212.00006
rush12 2.0 backpack double tap 1 sz,0.59231013,212.00006
single pistol case ranger green 1 sz,0.39640823,212.00006
ski team l/s tee white m,0.39640823,212.00006
skyweight srvl chest pk volcanic 1sz,0.78996116,212.00006
rush24 2.0 backpack black 1 sz,0.39640823,212.00006
rush24 2.0 backpack black 1sz,12.044096,212.00006
rush24 2.0 backpack double tap 1 sz,0.39640823,212.00006
rush24 2.0 backpack double tap 1sz,12.233576,212.00006
rush24 2.0 backpack kangaroo 1 sz,7.122532,212.00006
rush24 2.0 backpack kangaroo 1 sz,7.122532,212.00006
rush24 2.0 backpack ranger green 1 sz,0.39640823,212.00006
rush24 2.0 backpack ranger green 1sz,12.044096,212.00006
rush24 2.0 mc backpack multicam 1 sz,0.39640823,212.00006
rush72 2.0 backpack double tap 1sz,0.39640823,212.00006
ryker dp mini black 1 sz,0.39640823,212.00006
s biner stainless steel dual carabiner 2,0.78996116,212.00006
s biner stainless steel dual carabiner 3,0.39640823,212.00006
specialty ven coyote m,0.78996116,212.00006
specialty ven negro xl,0.39640823,212.00006
select carry pistol pouch charcoal 1 sz,0.39640823,212.00006
select carry pistol pouch charcoal 1 sz,0.39640823,212.00006
select carry pistol pouch charcoal 1sz,1.1847556,212.00006
shadow strike blk dlx-y el af,0.78996116,212.00006
shadow strike t499 dlx-y el af,0.39640823,212.00006
sierra bravo duty blt black l,1.9727893,212.00006
sierra bravo duty blt black l,1.9727893,212.00006
sierra bravo duty blt black l,1.9727893,212.00006
sierra bravo duty blt black xl,0.9880135,212.00006
sierra bravo duty blt black xl,0.9880135,212.00006
sig sauer p320 full size tuckable iwb,0.78996116,212.00006
single pistol case black 1sz,0.39640823,212.00006
single pistol case ranger green 1 sz,0.39640823,212.00006
stingerhawk basic kits large black smoke,0.39640823,212.00006
stingerhawk basic kits large black smoke,0.39640823,212.00006
stratos hood black 1 sz,1.5797422,212.00006
skyweight util chest pk sage green 1sz,0.39640823,212.00006
skyweight util chest pk volcanic 1sz,0.39640823,212.00006
skyweightâ  srvl chest pk major brown 1sz,0.78996116,212.00006
slidelock 360 magnetic locking dual cara,1.5784949,212.00006
slidelock 360 magnetic locking dual cara,1.5784949,212.00006
slidelock carabiner stainless steel 4 bl,0.78996116,212.00006
slidelock carabiner stainless steelsize,1.1847556,212.00006
slidelock key ring stainless steel black,1.9701846,212.00006
slidelock key ring stainless steel stain,0.78996116,212.00006
specialty hi-dexterity 0.5 coyote m,0.39640823,212.00006
specialty hi-dexterity 0.5 negro l,0.78996116,212.00006
specialty hi-dexterity 0.5 negro m,0.39640823,212.00006
specialty ven coyote m,0.78996116,212.00006
stryke pant w/flex-tac tm black 40 32,0.39640823,212.00006
stryke pant w/flex-tac tm dark navy 32 3,0.39640823,212.00006
stryke pant w/flex-tac tm drk nvy 32 30,0.39640823,212.00006
speed 4.0 8 ar670-1 dark coyote 10 r,1.9727893,212.00006
speed 4.0 8 ar670-1 dark coyote 8 r,0.39640823,212.00006
speed 4.0 8 ar670-1 dark coyote 8.5 r,2.1606457,212.00006
speed 4.0 8 ar670-1 dark coyote 9 r,1.7740036,212.00006
speed 4.0 8 ar670-1 dark coyote 9.5 r,0.39640823,212.00006
speed 4.0 8 ar670-1 us dk coyote 5 r,0.20677088,212.00006
speed 4.0 8 ar670-1 us dk coyote 7 r,1.3821095,212.00006
speed 4.0 8 ar670-1 us dk coyote 7.5 r,1.3821095,212.00006
speed 4.0 8 arid coyote 6-r,1.9714319,212.00006
station grip 2 glove black l,0.78996116,212.00006
steel jacket mltl 2.0 blk stn wsh 1sz,0.39640823,212.00006
steel jacket money clip blk stn wsh 1sz,0.78996116,212.00006
stryke pant w/flex-tac tm tdu green 36 3,0.39640823,212.00006
stryke pant w/flex-tac tm tdu grn 32 30,1.1847556,212.00006
stryke pant w/flex-tac tm tdu grn 32 32,1.1847556,212.00006
stratos hood ranger green 1 sz,0.78996116,212.00006
stryke pant w/flex-tac tm bat brn 32 32,0.39640823,212.00006
stryke pant w/flex-tac tm bat brn 34 32,0.39640823,212.00006
stryke pant w/flex-tac tm battle brown 3,1.1847556,212.00006
stryke pant w/flex-tac tm battle brown 3,1.1847556,212.00006
stryke pant w/flex-tac tm battle brown 3,1.1847556,212.00006
stryke pant w/flex-tac tm black 30 30,0.39640823,212.00006
stryke pant w/flex-tac tm black 30 30,0.39640823,212.00006
stryke pant w/flex-tac tm black 30 32,0.39640823,212.00006
stryke pant w/flex-tac tm black 30 32,0.39640823,212.00006
stryke pant w/flex-tac tm black 32 30,0.39640823,212.00006
stryke pant w/flex-tac tm black 34 32,0.39640823,212.00006
stryke pant w/flex-tac tm black 34 32,0.39640823,212.00006
stryke shirt dark navy s,1.1847556,212.00006
stryke shirt khaki l,0.20677088,212.00006
stryke shirt ranger green l,0.39640823,212.00006
stryke pant w/flex-tac tm drk nvy 34 32,0.78996116,212.00006
stryke pant w/flex-tac tm drk nvy 36 32,0.78996116,212.00006
stryke pant w/flex-tac tm drk nvy 40 32,0.39640823,212.00006
stryke pant w/flex-tac tm drk nvy 40 32,0.39640823,212.00006
stryke pant w/flex-tac tm khaki 34 30,0.39640823,212.00006
stryke pant w/flex-tac tm khaki 34 32,0.39640823,212.00006
stryke pant w/flex-tac tm khaki 34 32,0.39640823,212.00006
stryke pant w/flex-tac tm khaki 36 32,0.39640823,212.00006
stryke pant w/flex-tac tm khaki 36 32,0.39640823,212.00006
stryke pant w/flex-tac tm rngr grn 34 32,0.39640823,212.00006
stryke pant w/flex-tac tm stone 32 30,0.39640823,212.00006
stryke pant w/flex-tac tm stone 34 30,0.39640823,212.00006
stryke pant w/flex-tac tm stone 36 32,0.39640823,212.00006
sweet beat patch blue 1 sz,0.39640823,212.00006
sweet beat patch blue 1 sz,0.39640823,212.00006
switch-black body white/ir leds dual,0.78996116,212.00006
stryke pant w/flex-tac tm tdu grn 34 30,0.78996116,212.00006
stryke pant w/flex-tac tm tdu grn 34 32,1.5797422,212.00006
stryke pant w/flex-tac tm tdu grn 36 32,1.5797422,212.00006
stryke pant w/flex-tac tm tundra 32 30,0.39640823,212.00006
stryke pant w/flex-tac tm tundra 36 32,0.39640823,212.00006
stryke pant w/flex-tac tm tundra 36 32,0.39640823,212.00006
stryke shirt black l,0.9880135,212.00006
stryke shirt black m,0.78996116,212.00006
stryke shirt black s,0.39640823,212.00006
stryke shirt dark navy l,1.1847556,212.00006
stryke shirt dark navy l,1.1847556,212.00006
stryke shirt dark navy m,1.9727893,212.00006
stryke shirt dark navy m,1.9727893,212.00006
taclite pro l/s shirt dark navy s,0.78996116,212.00006
taclite pro l/s shirt storm l,0.39640823,212.00006
taclite pro l/s shirt storm l,0.39640823,212.00006
stryke shirt ranger green m,0.78996116,212.00006
stryke shirt ranger green s,0.39640823,212.00006
stryke shirt storm l,0.78996116,212.00006
stryke shirt tdu green m,0.39640823,212.00006
stryke shirt tdu green s,0.39640823,212.00006
stryke shirt tdu green s,0.39640823,212.00006
stryke shirt tundra l,0.78996116,212.00006
stryke shirt tundra s,0.39640823,212.00006
stryke tdu pant mcm multicam 30 30,0.78996116,212.00006
stryke tdu pant mcm multicam 36 32,0.39640823,212.00006
super hornet patch blue 1sz,0.78996116,212.00006
"suspension nxt,nn,slvr,clp,e3/12,mpt945",0.78996116,212.00006
sw100 esposas de manos smith & wesson,4.7659945,212.00006
taclite pro l/s shirt white m,0.39640823,212.00006
taclite pro l/s shirt white m,0.39640823,212.00006
taclite pro l/s shirt white s,5.154105,212.00006
taclite pro l/s shirt battle brown m,0.39640823,212.00006
taclite pro l/s shirt black l,0.39640823,212.00006
taclite pro l/s shirt black l,0.39640823,212.00006
taclite pro l/s shirt black m,0.20677088,212.00006
taclite pro l/s shirt black m,0.20677088,212.00006
taclite pro l/s shirt black s,0.39640823,212.00006
taclite pro l/s shirt coyote m,0.59231013,212.00006
taclite pro l/s shirt coyote s,0.39640823,212.00006
taclite pro l/s shirt coyote s,0.39640823,212.00006
taclite pro l/s shirt dark navy 2xl,0.59231013,212.00006
taclite pro l/s shirt dark navy 3xl,0.39640823,212.00006
taclite pro l/s shirt dark navy m,0.78996116,212.00006
taclite pro l/s shirt dark navy m,0.78996116,212.00006
taclite pro s/s shirt tdu green s,0.39640823,212.00006
taclite pro s/s shirt tdu green s,0.39640823,212.00006
taclite pro s/s shirt tdu green s,0.39640823,212.00006
taclite pro s/s shirt tdu khaki l,0.39640823,212.00006
taclite pro s/s shirt tdu khaki l,0.39640823,212.00006
taclite pro l/s shirt storm m,0.39640823,212.00006
taclite pro l/s shirt storm m,0.39640823,212.00006
taclite pro l/s shirt storm s,0.39640823,212.00006
taclite pro l/s shirt storm s,0.39640823,212.00006
taclite pro l/s shirt tdu green xl,0.39640823,212.00006
taclite pro l/s shirt tdu green xl,0.39640823,212.00006
taclite pro l/s shirt tundra s,0.39640823,212.00006
taclite pro l/s shirt white 2xl,1.1847556,212.00006
taclite pro l/s shirt white 2xl,1.1847556,212.00006
taclite pro l/s shirt white l,5.7250423,212.00006
taclite pro l/s shirt white l,5.723685,212.00006
taclite uniform cap black 1sz,1.1847556,212.00006
taclite uniform cap dark navy 1sz,29.647955,212.00006
taclite uniform cap tdu khaki 1 sz,0.39640823,212.00006
taclite uniform cap tdu khaki 1 sz,0.39640823,212.00006
taco gnome patch multi 1sz,0.39640823,212.00006
taclite pro l/s shirt white s,5.1527476,212.00006
taclite pro l/s shirt white xl,2.7677722,212.00006
taclite pro l/s shirt white xl,2.7664149,212.00006
taclite pro s/s shirt black l,0.39640823,212.00006
taclite pro s/s shirt black l,0.39640823,212.00006
taclite pro s/s shirt black l,0.39640823,212.00006
taclite pro s/s shirt charcoal s,0.39640823,212.00006
taclite pro s/s shirt charcoal s,0.39640823,212.00006
taclite pro s/s shirt charcoal s,0.39640823,212.00006
taclite pro s/s shirt dark navy s,0.39640823,212.00006
taclite pro s/s shirt dark navy s,0.39640823,212.00006
tclt pdu a-cl pant midnight navy 34,170.90695,212.00006
tclt pdu a-cl pant midnight navy 38,46.25017,212.00006
tclt pdu a-cl pant midnight navy 40,13.025792,212.00006
tclt pdu a-cl pant midnight navy 42,7.906281,212.00006
tclt pdu a-cl pant midnight nvy 32,159.61539,212.00006
tclt pdu a-cl pant midnight nvy 32,159.61539,212.00006
taclite pro s/s shirt tdu khaki m,0.39640823,212.00006
taclite pro s/s shirt tdu khaki m,0.39640823,212.00006
taclite pro s/s shirt tdu khaki s,0.39640823,212.00006
taclite pro s/s shirt tdu khaki s,0.39640823,212.00006
taclite pro s/s shirt white 2xl,0.39640823,212.00006
taclite pro s/s shirt white 2xl,0.39640823,212.00006
taclite pro s/s shirt white l,1.5797422,212.00006
taclite pro s/s shirt white l,1.5797422,212.00006
taclite pro s/s shirt white l,1.5797422,212.00006
taclite tdu pant dark navy m r,0.39640823,212.00006
tclt pdu l/s b-cl shirt midnight nvy l r,59.675377,212.00006
tclt pdu l/s b-cl shirt midnight nvy l r,59.675377,212.00006
tclt pdu l/s b-cl shirt midnight nvy m r,150.9679,212.00006
tclt pdu l/s b-cl shirt midnight nvy m r,150.94977,212.00006
tclt pdu l/s b-cl shirt midnight nvy m r,150.94977,212.00006
tclt pdu l/s b-cl shirt midnight nvy s r,57.890022,212.00006
tactec plate carrier black 1 sz,3.289026,212.00006
tactec plate carrier dark navy 1 sz,0.20677088,212.00006
tactec plate carrier mcm multicam 1 sz,0.78996116,212.00006
tactec plate carrier mcm multicam 1 sz,0.78996116,212.00006
tactec plate carrier ranger green 1 sz,0.59231013,212.00006
tactec plate carrier ranger green 1 sz,0.59231013,212.00006
tactec plate carrier storm 1 sz,0.20677088,212.00006
tactl chihuahua s/s tee navy l,0.78996116,212.00006
tbl mission s/s tee heather grey m,0.39640823,212.00006
tclt pdu a-cl pant midnight navy 30,75.6806,212.00006
tclt pdu s/s b-cl shirt midnight nvy l r,56.719364,212.00006
tclt pdu s/s b-cl shirt midnight nvy m r,141.26175,212.00006
tclt pdu s/s b-cl shirt midnight nvy m r,141.24362,212.00006
tclt pdu s/s b-cl shirt midnight nvy m r,141.24362,212.00006
tclt pdu s/s b-cl shirt midnight nvy m s,0.9880135,212.00006
tclt pdu s/s b-cl shirt midnight nvy m s,0.9880135,212.00006
tclt pdu a-cl pant midnight nvy 36,98.58847,212.00006
tclt pdu a-cl pant midnight nvy 36,98.58761,212.00006
tclt pdu a-cl pant midnight nvy 44,3.289026,212.00006
tclt pdu a-cl pant midnight nvy 44,3.289026,212.00006
tclt pdu a-cl pant midnight nvy 46,1.9727893,212.00006
tclt pdu a-cl pant midnight nvy 46,1.9727893,212.00006
tclt pdu a-cl pant midnight nvy 48,1.1847556,212.00006
tclt pdu l/s b-cl shirt midnight nvy 2xl,3.289026,212.00006
tclt pdu l/s b-cl shirt midnight nvy 3xl,1.3821095,212.00006
tclt pdu l/s b-cl shirt midnight nvy l r,59.673283,212.00006
tdu 1 1/2 inch belt black s,0.39640823,212.00006
tdu 1 1/2 inch belt black xl,0.39640823,212.00006
tdu 1 1/2 inch belt black xl,0.39640823,212.00006
tdu 1 1/2 inch belt kangaroo l,0.9880135,212.00006
tdu 1 1/2 inch belt kangaroo s,1.1847556,212.00006
tdu 1 1/2 inch belt kangaroo xl,0.78996116,212.00006
tclt pdu l/s b-cl shirt midnight nvy xl,19.150251,212.00006
tclt pdu s/s b-cl shirt midn nvy 2xl r,1.9727893,212.00006
tclt pdu s/s b-cl shirt midn nvy 3xl t,1.3821095,212.00006
tclt pdu s/s b-cl shirt midn nvy 3xl t,1.3821095,212.00006
tclt pdu s/s b-cl shirt midn nvy xl r,3.983103,212.00006
tclt pdu s/s b-cl shirt midnight nvy 2xl,1.3821095,212.00006
tclt pdu s/s b-cl shirt midnight nvy 2xl,1.3821095,212.00006
tclt pdu s/s b-cl shirt midnight nvy l r,56.719364,212.00006
tclt pdu s/s b-cl shirt midnight nvy l r,56.719364,212.00006
tclt pdu s/s b-cl shirt midnight nvy l r,56.719364,212.00006
train strong tee charcoal htr l,0.39640823,212.00006
trainer 1 1/2 inch belt black l,0.39640823,212.00006
trainer 1 1/2 inch belt black l,0.39640823,212.00006
trainer 1 1/2 inch belt black m,0.39640823,212.00006
trainer 1 1/2 inch belt black xl,0.39640823,212.00006
trainer 1 1/2 inch belt coyote xl,0.39640823,212.00006
tclt pdu s/s b-cl shirt midnight nvy m-s,4.3719864,212.00006
tclt pdu s/s b-cl shirt midnight nvy m-s,4.3719864,212.00006
tclt pdu s/s b-cl shirt midnight nvy s r,55.46753,212.00006
tclt pdu s/s b-cl shirt midnight nvy s r,55.48168,212.00006
tclt pdu s/s b-cl shirt midnight nvy s r,55.48168,212.00006
tclt pdu s/s b-cl shirt midnight nvy xl,14.239654,212.00006
tclt pdu s/s b-cl shirt midnight nvy xl,14.239654,212.00006
tdu 1 1/2 inch belt black 2xl,0.78996116,212.00006
tdu 1 1/2 inch belt black l,0.59231013,212.00006
tdu 1 1/2 inch belt black m,0.39640823,212.00006
tropos baselayer tight black m,0.39640823,212.00006
ucr thigh rig black 1 sz,0.39640823,212.00006
"ultimate,fb,se,grn,e3/12,knf1175,ultima",0.39640823,212.00006
"ultimate,fb,se,grn,e3/12,knf1175,ultima",0.39640823,212.00006
uniform hat - adjustable black 1 sz,1.5784949,212.00006
uniform hat - adjustable black 1 sz,1.5784949,212.00006
tdu 1 3/4 inch belt black l,0.78996116,212.00006
tdu 1 3/4 inch belt black m,0.9880135,212.00006
tdu 1 3/4 inch belt black xl,0.78996116,212.00006
tdu 1 3/4 inch belt kangaroo l,0.39640823,212.00006
tdu 1 3/4 inch belt kangaroo m,0.59231013,212.00006
tlr-6 without laser (glockâ® 26/27/33) wi,0.78996116,212.00006
tracker bifold 2.0 blk multicam 1sz,0.39640823,212.00006
train strong tee charcoal htr l,0.39640823,212.00006
utili-t 3pk s/s t black m,0.39640823,212.00006
utili-t 3pk s/s t black m 1pk,150.1675,212.00006
utili-t 3pk s/s t black s,0.78996116,212.00006
utili-t 3pk s/s t black s 1pk,130.40181,212.00006
utili-t 3pk s/s t black s 1pk,130.40181,212.00006
utili-t 3pk s/s t black xl 1pk,7.512441,212.00006
trainer 1 1/2 inch belt coyote xl,0.39640823,212.00006
triblend legacy s/s tee black htr m,0.39640823,212.00006
triblend legacy s/s tee black htr m,0.39640823,212.00006
triblend legacy s/s tee black htr xl,0.39640823,212.00006
triblend legacy s/s tee black htr xl,0.39640823,212.00006
tropical lockup ss tee black s,0.39640823,212.00006
tropical lockup ss tee pond l,0.78996116,212.00006
tropical lockup ss tee pond l,0.78996116,212.00006
tropos baselayer l/s top black m,0.39640823,212.00006
tropos baselayer l/s top black s,0.39640823,212.00006
vector cuerdaâ  12.5mm x 100 mt color neg,0.9880135,212.00006
vent-tac hat black l/xl,1.1847556,212.00006
vent-tac hat black s/m,1.1847556,212.00006
vent-tac hat green l/xl,0.39640823,212.00006
vent-tac hat green m/l,1.1847556,212.00006
vent-tac hat kangaroo l/xl,1.1847556,212.00006
uniform hat - adjustable black 1sz,6.3238034,212.00006
uniform hat - adjustable dark navy 1 sz,0.39640823,212.00006
uniform hat - adjustable dark navy 1 sz,0.39640823,212.00006
uniform hat - adjustable dark navy 1sz,806.1645,212.00006
usa flag ftg patch fatigue 1sz,0.39640823,212.00006
utili-t 3pk s/s t black 2xl 1pk,2.6018977,212.00006
utili-t 3pk s/s t black 3xl 1pk,1.7713989,212.00006
utili-t 3pk s/s t black l,1.5797422,212.00006
utili-t 3pk s/s t black l 1pk,48.261726,212.00006
watch jacket ranger green m,0.39640823,212.00006
we never miss l/s tee black m,0.39640823,212.00006
wm abr pro pant dark navy 10 r,0.39640823,212.00006
wm abr pro pant dark navy 10 r,0.39640823,212.00006
wm abr pro pant dark navy 2 r,0.39640823,212.00006
wm abr pro pant dark navy 8 r,0.39640823,212.00006
utili-t 3pk s/s t dark navy m,0.39640823,212.00006
utili-t 3pk s/s t dark navy s,0.20677088,212.00006
utili-t 3pk s/s t dark navy xl,0.20677088,212.00006
utili-t 3pk s/s t white l,0.39640823,212.00006
utili-t 3pk s/s t white m,0.39640823,212.00006
utili-t 3pk s/s t white s,0.39640823,212.00006
utility s/s polo academy blue m,0.39640823,212.00006
utility s/s polo academy blue m,0.39640823,212.00006
v.xi xtu mc pant multicam 30 30,0.39640823,212.00006
v.xi xtu mc pant multicam 32 32,0.39640823,212.00006
wm always ready s/s tee blue m,0.39640823,212.00006
wm always ready s/s tee blue m,0.39640823,212.00006
wm battle tested ss tee black l,0.78996116,212.00006
wm battle tested ss tee black l,0.78996116,212.00006
wm battle tested ss tee black m,0.78996116,212.00006
wm battle tested ss tee black xl,0.39640823,212.00006
wm battle tested ss tee black xl,0.39640823,212.00006
vent-tac hat kangaroo m/l,1.5784949,212.00006
vent-tac hat turbulence l/xl,0.39640823,212.00006
vent-tac hat turbulence m/l,0.39640823,212.00006
viva mãxico keychain black 1sz,1.5784949,212.00006
vulture patch brown 1sz,0.39640823,212.00006
w stryke pdu twl ls cl a unif whte s r,0.20677088,212.00006
wake n w bacon patch brown 1 sz,0.39640823,212.00006
wake n with bacon s/s tee black l,0.78996116,212.00006
wake n with bacon s/s tee black l,0.78996116,212.00006
wm fast-tac l/s shirt dark navy xs,1.5797422,212.00006
wm fast-tac l/s shirt uniform whte l,0.39640823,212.00006
wm l/s taclite shirt black s,0.39640823,212.00006
wm l/s taclite shirt black s,0.39640823,212.00006
wm l/s taclite shirt dark navy l,0.39640823,212.00006
wm l/s taclite shirt dark navy l,0.39640823,212.00006
wm l/s taclite shirt dark navy s,0.78996116,212.00006
wm abr pro pant kangaroo 8 r,0.39640823,212.00006
wm abr pro pant khaki 10 r,0.59231013,212.00006
wm abr pro pant khaki 10 r,0.59231013,212.00006
wm abr pro pant khaki 6 r,0.39640823,212.00006
wm abr pro pant khaki 8 r,0.39640823,212.00006
wm abr pro pant ranger green 10 r,0.20677088,212.00006
wm abr pro pant ranger green 8 r,0.39640823,212.00006
wm abr pro pant ranger green 8 r,0.39640823,212.00006
wm always ready s/s tee blue l,0.39640823,212.00006
wm professional s/s polo dark navy s,14.413479,212.00006
wm professional s/s polo dark navy s,14.413479,212.00006
wm ripstop tdu pant dark navy 10 r,14.239654,212.00006
wm ripstop tdu pant dark navy 10 r,14.239654,212.00006
wm ripstop tdu pant dark navy 12 r,11.46246,212.00006
wm ripstop tdu pant dark navy 12 r,11.46246,212.00006
wm ripstop tdu pant dark navy 14 r,4.9596214,212.00006
wm camo crest ss tee black s,0.39640823,212.00006
wm camo crest ss tee black xs,0.39640823,212.00006
wm camo crest ss tee marshmallow xs,0.39640823,212.00006
wm cascadia wndbrker vest,0.39640823,212.00006
wm club ruck s/s tee black m,0.39640823,212.00006
wm club ruck s/s tee black s,0.39640823,212.00006
wm fast-tac l/s shirt dark navy xs,1.5797422,212.00006
wm fast-tac l/s shirt dark navy xs,1.5797422,212.00006
wm fast-tac l/s shirt dark navy xs,1.5797422,212.00006
wm tclt pdu a-class pant midnight nvy 10,29.21136,212.00006
wm tclt pdu a-class pant midnight nvy 10,29.21136,212.00006
wm tclt pdu a-class pant midnight nvy 12,29.686079,212.00006
wm tclt pdu a-class pant midnight nvy 12,29.683983,212.00006
wm tclt pdu a-class pant midnight nvy 14,13.285468,212.00006
wm tclt pdu a-class pant midnight nvy 14,13.285468,212.00006
wm tclt pdu a-class pant midnight nvy 14,13.285468,212.00006
wm l/s taclite shirt dark navy s,0.78996116,212.00006
wm marksman ls,0.39640823,212.00006
wm neon legacy s/s tee black l,0.39640823,212.00006
wm neon legacy s/s tee black m,0.39640823,212.00006
wm pdu s/s a-cl twl shirt midn nvy xs r,0.39640823,212.00006
wm professional s/s polo dark navy l,0.39640823,212.00006
wm professional s/s polo dark navy l,0.39640823,212.00006
wm professional s/s polo dark navy m,7.710916,212.00006
wm professional s/s polo dark navy m,7.710916,212.00006
wm tclt pdu a-class pant midnight nvy 20,1.5797422,212.00006
wm tclt pdu a-class pant midnight nvy 20,1.5797422,212.00006
wm tclt pdu a-class pant midnight nvy 4,33.58414,212.00006
wm tclt pdu a-class pant midnight nvy 4,33.586235,212.00006
wm tclt pdu a-class pant midnight nvy 4,33.586235,212.00006
wm tclt pdu a-class pant midnight nvy 6,34.963303,212.00006
wm tclt pdu a-class pant midnight nvy 6,34.963303,212.00006
wm ripstop tdu pant dark navy 14 r,4.9596214,212.00006
wm ripstop tdu pant dark navy 4 l,0.20677088,212.00006
wm ripstop tdu pant dark navy 4 r,0.9880135,212.00006
wm ripstop tdu pant dark navy 8 r,9.288743,212.00006
wm ripstop tdu pant dark navy 8 r,9.288743,212.00006
wm stryke pant black 10 r,0.39640823,212.00006
wm stryke pant black 10 r,0.39640823,212.00006
wm stryke pant black 4 r,0.39640823,212.00006
wm tclt pdu a-class pant midnight nvy 10,29.209265,212.00006
5.11 a/t 8 dark coyote 11 r,0.39640823,212.00006
5.11 a/t 8 dark coyote 11.5 r,8.49825,212.00006
5.11 a/t 8 dark coyote 11.5 r,8.49825,212.00006
5.11 a/t 8 dark coyote 5 r,1.1847556,212.00006
5.11 a/t 8 dark coyote 6 r,0.78996116,212.00006
5.11 a/t 8 dark coyote 6.5 r,7.122532,212.00006
5.11 a/t 8 dark coyote 6.5 r,7.122532,212.00006
wm tclt pdu a-class pant midnight nvy 16,18.355118,212.00006
wm tclt pdu a-class pant midnight nvy 16,18.355118,212.00006
wm tclt pdu a-class pant midnight nvy 16,18.355118,212.00006
wm tclt pdu a-class pant midnight nvy 18,7.513688,212.00006
wm tclt pdu a-class pant midnight nvy 18,7.513688,212.00006
wm tclt pdu a-class pant midnight nvy 2,21.144083,212.00006
wm tclt pdu a-class pant midnight nvy 2,21.144083,212.00006
wm tclt pdu a-class pant midnight nvy 2,21.144083,212.00006
wm tclt pdu a-class pant midnight nvy 2,21.144083,212.00006
zero quit ruck s/s tee military grn l,0.39640823,212.00006
1.5in low pro tdu belt black m,0.78996116,212.00006
1.5in low pro tdu belt black m,0.78996116,212.00006
1.5in low pro tdu belt kangaroo m,0.39640823,212.00006
2 banger double tap 1 sz,0.78996116,212.00006
2 banger double tap 1sz,5.540643,212.00006
28 single rifle case black 1sz,0.39640823,212.00006
3 pack pt ankle sock black l,0.39640823,212.00006
3 pack pt ankle sock white l,0.39640823,212.00006
5.11 a/t 6 dark coyote 10 r,0.39640823,212.00006
5.11 a/t 6 dark coyote 7 r,0.39640823,212.00006
5.11 a/t 6 dark coyote 7.5 r,0.39640823,212.00006
5.11 a/t 6 sz black 5 r,6.130879,212.00006
5.11 a/t 6 sz black 5 r,6.130879,212.00006
5.11 a/t 6 sz black 6 r,15.615149,212.00006
tracker bifold 2.0,0.41976643,222.03487
rush24 2.0 backpack,12.155068,227.95581
speed 4.0 8 ar670-1,0.9880135,227.96059
double duty tdu belt 1.75,2.714578,227.97694
double duty tdu belt 1.75,2.714578,227.97694
enduro pro usb ind,0.98814356,231.59486
universal kydex holster,1.6229941,248.99995
tlr-7x usb,1.9036766,354.93845
marksman s/s shirt,0.40137115,360.84073
"carabiner, ps auto red, cmc",0.3817067,472.4243
keyrack steel s biner black,0.76568526,476.70312
steelie squeeze vent kit,0.76568526,476.7452
doohickey clipkey key tool black,0.38361484,476.96707
keyrack steel s biner stainless,0.38361484,476.96707
pawprint locker keyrack,0.38361484,476.96707
"polytac x usb, blk bo",0.46913764,513.62305
